Tanggal,Kode,Strategi,Entry,SL,TP1,TP2,Pernah_Warning,Status_TP,Hasil
2026-09-01,BFIN.JK,🚀 BREAKOUT,980.0,881.7857142857143,1034.642857142857,1089.2857142857142,True,TP1,EXPIRED
2026-09-01,SMGR.JK,🚀 BREAKOUT,1730.0,1442.678571428571,1841.9642857142856,1953.928571428572,True,,EXPIRED
2026-09-01,CUAN.JK,🚀 BREAKOUT,905.0,774.4642857142857,996.6071428571428,1088.2142857142858,True,TP1,EXPIRED
2026-09-02,BWPT.JK,🚀 BREAKOUT,124.0,100.64285714285714,137.07142857142856,150.14285714285714,True,TP1,LOSS
2026-09-02,BWPT.JK,🚀 BREAKOUT,128.0,100.64285714285714,141.07142857142856,154.14285714285714,True,TP1,LOSS
2026-09-02,BWPT.JK,🚀 BREAKOUT,136.0,100.14285714285714,150.57142857142856,165.14285714285714,True,,LOSS
2026-09-02,BWPT.JK,🌟 KATALIS POSITIF MASIF,132.0,100.14285714285714,150.57142857142856,165.14285714285714,True,,LOSS
2026-09-03,SMGR.JK,🌟 KATALIS POSITIF MASIF,1820.0,1442.678571428571,1841.9642857142856,1953.928571428572,True,,LOSS
2026-09-03,SMGR.JK,🌟 KATALIS POSITIF MASIF,1820.0,1442.678571428571,1841.9642857142856,1953.928571428572,True,,LOSS
2026-09-08,BWPT.JK,🌟 KATALIS POSITIF MASIF,135.0,100.14285714285714,150.57142857142856,165.14285714285714,True,,LOSS
2026-09-09,AMMN.JK,🚀 BREAKOUT,4910.0,4349.285714285715,5152.142857142857,5394.285714285714,True,TP1,LOSS
2026-09-17,SMGR.JK,🌟 KATALIS POSITIF MASIF,1620.0,1442.678571428571,1841.9642857142856,1953.928571428572,True,,LOSS
2026-09-17,SMGR.JK,🌟 KATALIS POSITIF MASIF,1620.0,1442.678571428571,1841.9642857142856,1953.928571428572,True,,LOSS
2026-09-17,SMGR.JK,🌟 KATALIS POSITIF MASIF,1620.0,1442.678571428571,1841.9642857142856,1953.928571428572,True,,LOSS
2026-09-21,CSMI.JK,🚀 BREAKOUT,234.0,166.57142857142858,256.2857142857143,278.57142857142856,True,TP1,WIN
2026-09-21,CSMI.JK,🚀 BREAKOUT,234.0,166.57142857142858,256.2857142857143,278.57142857142856,True,TP1,WIN
2026-09-21,CSMI.JK,🚀 BREAKOUT,234.0,166.57142857142858,256.2857142857143,278.57142857142856,True,TP1,WIN
2026-09-21,CSMI.JK,🚀 BREAKOUT,234.0,166.57142857142858,256.2857142857143,278.57142857142856,True,TP1,WIN
2026-09-23,BWPT.JK,🌟 KATALIS POSITIF MASIF,118.0,100.14285714285714,150.57142857142856,165.14285714285714,True,,LOSS
2026-09-23,SMGR.JK,🌟 KATALIS POSITIF MASIF,1615.0,1442.678571428571,1841.9642857142856,1953.928571428572,True,,LOSS
2026-09-23,BWPT.JK,🌟 KATALIS POSITIF MASIF,117.0,100.14285714285714,150.57142857142856,165.14285714285714,True,,LOSS
2026-09-23,SMGR.JK,🌟 KATALIS POSITIF MASIF,1615.0,1442.678571428571,1841.9642857142856,1953.928571428572,True,,LOSS
2026-09-23,BWPT.JK,🌟 KATALIS POSITIF MASIF,117.0,100.14285714285714,150.57142857142856,165.14285714285714,True,,LOSS
2026-09-23,SMGR.JK,🌟 KATALIS POSITIF MASIF,1615.0,1442.678571428571,1841.9642857142856,1953.928571428572,True,,LOSS
2026-09-23,BWPT.JK,🌟 KATALIS POSITIF MASIF,117.0,100.14285714285714,150.57142857142856,165.14285714285714,True,,LOSS
2026-09-28,RSCH.JK,🚀 BREAKOUT,494.0,430.1071428571428,523.6785714285714,553.3571428571429,False,TP1,WIN
2026-09-28,RSCH.JK,🚀 BREAKOUT,494.0,430.1071428571428,523.6785714285714,553.3571428571429,False,TP1,WIN
2026-09-28,RSCH.JK,🚀 BREAKOUT,494.0,430.1071428571428,523.6785714285714,553.3571428571429,False,TP1,WIN
2026-09-29,CSMI.JK,🌟 KATALIS POSITIF MASIF,240.0,166.57142857142858,256.2857142857143,278.57142857142856,False,TP1,WIN
2026-09-29,CYBR.JK,👀 BULLISH DIVERGENCE,500.0,479.1071428571428,521.8331027681271,550.0,False,,LOSS
2026-09-29,CSMI.JK,🌟 KATALIS POSITIF MASIF,240.0,166.57142857142858,256.2857142857143,278.57142857142856,False,TP1,WIN
2026-09-29,CSMI.JK,🌟 KATALIS POSITIF MASIF,240.0,166.57142857142858,256.2857142857143,278.57142857142856,False,TP1,WIN
2026-09-29,CSMI.JK,🌟 KATALIS POSITIF MASIF,240.0,166.57142857142858,256.2857142857143,278.57142857142856,False,TP1,WIN
2026-09-23,UNVR.JK,👀 BULLISH DIVERGENCE,1630.0,1598.75,1665.9180500381997,1785.0,False,,LOSS
2026-09-29,KOTA.JK,📉 BUY ON WEAKNESS,172.0,150.67857142857142,184.3493350396812,240.0,True,,LOSS
2026-10-01,UNVR.JK,🌟 KATALIS POSITIF MASIF,1625.0,1598.75,1665.9180500381997,1785.0,False,,LOSS
2026-10-01,UNVR.JK,🌟 KATALIS POSITIF MASIF,1625.0,1598.75,1665.9180500381997,1785.0,False,,LOSS
2026-10-01,UNVR.JK,🌟 KATALIS POSITIF MASIF,1625.0,1598.75,1665.9180500381997,1785.0,False,,LOSS
2026-10-01,UNVR.JK,🌟 KATALIS POSITIF MASIF,1625.0,1598.75,1665.9180500381997,1785.0,False,,LOSS
2026-09-03,ERAA.JK,🚀 BREAKOUT,595.0,487.57142857142856,632.2857142857143,669.5714285714286,True,TP1,EXPIRED
2026-09-03,GRPH.JK,🚀 BREAKOUT,119.0,85.25,139.25,159.5,True,TP1,EXPIRED
2026-09-04,CUAN.JK,✨ KATALIS POSITIF SIGNIFIKAN,940.0,774.4642857142857,996.6071428571428,1088.2142857142858,True,TP1,EXPIRED
2026-10-01,CSMI.JK,🚀 BREAKOUT,290.0,209.0,347.0,404.0,False,TP1,WIN
2026-10-01,CSMI.JK,🚀 BREAKOUT,290.0,209.0,347.0,404.0,False,TP1,WIN
2026-10-01,CSMI.JK,🚀 BREAKOUT,290.0,209.0,347.0,404.0,False,TP1,WIN
2026-10-01,CSMI.JK,🚀 BREAKOUT,290.0,209.0,347.0,404.0,False,TP1,WIN
2026-10-02,MBSS.JK,🚀 BREAKOUT,3630.0,2857.1428571428573,3728.571428571429,3827.142857142857,False,,WIN
2026-10-02,CSMI.JK,🌟 KATALIS POSITIF MASIF,332.0,209.0,347.0,404.0,False,TP1,WIN
2026-10-02,CSMI.JK,🌟 KATALIS POSITIF MASIF,332.0,209.0,347.0,404.0,False,TP1,WIN
2026-10-02,MBSS.JK,🚀 BREAKOUT,3630.0,2857.1428571428573,3728.571428571429,3827.142857142857,False,,WIN
2026-10-02,CSMI.JK,🌟 KATALIS POSITIF MASIF,332.0,209.0,347.0,404.0,False,TP1,WIN
2026-10-02,MBSS.JK,🚀 BREAKOUT,3630.0,2857.1428571428573,3728.571428571429,3827.142857142857,False,,WIN
2026-10-02,CSMI.JK,🌟 KATALIS POSITIF MASIF,332.0,209.0,347.0,404.0,False,,WIN
2026-10-02,MBSS.JK,🚀 BREAKOUT,3630.0,2857.1428571428573,3728.571428571429,3827.142857142857,False,,WIN
2026-09-07,PTBA.JK,🚀 BREAKOUT,3010.0,2808.5714285714284,3164.285714285714,3318.5714285714284,True,TP1,WIN
2026-09-07,PTBA.JK,🚀 BREAKOUT,3040.0,2808.214285714286,3195.3571428571427,3350.714285714286,True,TP1,WIN
2026-09-07,PTBA.JK,🚀 BREAKOUT,3010.0,2808.214285714286,3165.3571428571427,3320.714285714286,True,TP1,WIN
2026-09-23,SMLE.JK,🚀 BREAKOUT,266.0,209.07142857142856,292.7857142857143,319.57142857142856,True,TP1,WIN
2026-09-23,SMLE.JK,🚀 BREAKOUT,266.0,209.07142857142856,292.7857142857143,319.57142857142856,True,TP1,WIN
2026-09-23,SMLE.JK,🚀 BREAKOUT,266.0,209.07142857142856,292.7857142857143,319.57142857142856,True,TP1,WIN
2026-09-30,SMLE.JK,🌟 KATALIS POSITIF MASIF,296.0,209.07142857142856,292.7857142857143,319.57142857142856,True,TP1,WIN
2026-09-30,SMLE.JK,🌟 KATALIS POSITIF MASIF,296.0,209.07142857142856,292.7857142857143,319.57142857142856,True,TP1,WIN
2026-09-30,SMLE.JK,🌟 KATALIS POSITIF MASIF,296.0,209.07142857142856,292.7857142857143,319.57142857142856,True,TP1,WIN
2026-09-30,SMLE.JK,🌟 KATALIS POSITIF MASIF,296.0,209.07142857142856,292.7857142857143,319.57142857142856,True,TP1,WIN
2026-10-02,SMLE.JK,🌟 KATALIS POSITIF MASIF,302.0,209.07142857142856,292.7857142857143,319.57142857142856,False,TP1,WIN
2026-10-02,SMLE.JK,🌟 KATALIS POSITIF MASIF,302.0,209.07142857142856,292.7857142857143,319.57142857142856,False,TP1,WIN
2026-10-02,SMLE.JK,🌟 KATALIS POSITIF MASIF,302.0,209.07142857142856,292.7857142857143,319.57142857142856,False,TP1,WIN
2026-10-02,SMLE.JK,🌟 KATALIS POSITIF MASIF,302.0,209.07142857142856,292.7857142857143,319.57142857142856,False,TP1,WIN
2026-10-05,SMLE.JK,✨ KATALIS POSITIF SIGNIFIKAN,308.0,209.07142857142856,292.7857142857143,319.57142857142856,False,TP1,WIN
2026-10-05,SMLE.JK,✨ KATALIS POSITIF SIGNIFIKAN,308.0,209.07142857142856,292.7857142857143,319.57142857142856,False,TP1,WIN
2026-10-05,SMLE.JK,✨ KATALIS POSITIF SIGNIFIKAN,308.0,209.07142857142856,292.7857142857143,319.57142857142856,False,TP1,WIN
2026-10-05,SMLE.JK,✨ KATALIS POSITIF SIGNIFIKAN,308.0,209.07142857142856,292.7857142857143,319.57142857142856,False,,WIN
2026-09-07,DMAS.JK,✨ KATALIS POSITIF SIGNIFIKAN,202.0,174.78571428571428,223.6428571428572,239.28571428571428,False,,EXPIRED
2026-09-07,DMAS.JK,✨ KATALIS POSITIF SIGNIFIKAN,202.0,174.78571428571428,223.6428571428572,239.28571428571428,False,,EXPIRED
2026-09-09,PTBA.JK,🚀 BREAKOUT,3080.0,2914.285714285714,3247.1428571428573,3414.285714285714,False,TP1,WIN
2026-09-09,PTBA.JK,🚀 BREAKOUT,3100.0,2914.285714285714,3267.1428571428573,3434.285714285714,False,TP1,WIN
2026-09-10,PTBA.JK,✨ KATALIS POSITIF SIGNIFIKAN,3100.0,2914.285714285714,3267.1428571428573,3434.285714285714,False,TP1,WIN
2026-09-10,PTBA.JK,✨ KATALIS POSITIF SIGNIFIKAN,3100.0,2914.285714285714,3267.1428571428573,3434.285714285714,False,TP1,WIN
2026-09-10,PTBA.JK,✨ KATALIS POSITIF SIGNIFIKAN,3100.0,2914.285714285714,3267.1428571428573,3434.285714285714,False,TP1,WIN
2026-09-15,KOTA.JK,🌟 KATALIS POSITIF MASIF,208.0,148.5,244.5,273.0,True,,LOSS
2026-09-17,BUKA.JK,👀 BULLISH DIVERGENCE,105.0,99.75,109.51264788685252,118.0,False,TP1,LOSS
2026-10-06,MAPA.JK,📉 BUY ON WEAKNESS,645.0,625.7142857142857,656.4863281027187,705.0,False,,LOSS
2026-09-10,CUAN.JK,✨ KATALIS POSITIF SIGNIFIKAN,985.0,774.4642857142857,996.6071428571428,1088.2142857142858,True,TP1,LOSS
2026-09-10,CUAN.JK,✨ KATALIS POSITIF SIGNIFIKAN,985.0,774.4642857142857,996.6071428571428,1088.2142857142858,True,TP1,LOSS
2026-09-10,CUAN.JK,✨ KATALIS POSITIF SIGNIFIKAN,985.0,774.4642857142857,996.6071428571428,1088.2142857142858,True,TP1,LOSS
2026-09-21,NEST.JK,🚀 BREAKOUT,785.0,701.6071428571429,825.1785714285714,865.3571428571429,False,TP1,WIN
2026-09-21,NEST.JK,🚀 BREAKOUT,785.0,701.6071428571429,825.1785714285714,865.3571428571429,False,TP1,WIN
2026-09-21,NEST.JK,🚀 BREAKOUT,785.0,701.6071428571429,825.1785714285714,865.3571428571429,False,TP1,WIN
2026-09-21,NEST.JK,🚀 BREAKOUT,785.0,701.6071428571429,825.1785714285714,865.3571428571429,False,TP1,WIN
2026-10-01,CUAN.JK,🌟 KATALIS POSITIF MASIF,865.0,774.4642857142857,996.6071428571428,1088.2142857142858,True,,LOSS
2026-10-01,ISAT.JK,📉 BUY ON WEAKNESS,2260.0,2141.428571428572,2346.137767897449,2490.0,False,,LOSS
2026-10-01,CUAN.JK,🌟 KATALIS POSITIF MASIF,865.0,774.4642857142857,996.6071428571428,1088.2142857142858,True,,LOSS
2026-10-01,CUAN.JK,🌟 KATALIS POSITIF MASIF,865.0,774.4642857142857,996.6071428571428,1088.2142857142858,True,,LOSS
2026-10-01,CUAN.JK,🌟 KATALIS POSITIF MASIF,865.0,774.4642857142857,996.6071428571428,1088.2142857142858,True,,LOSS
2026-10-05,NEST.JK,🌟 KATALIS POSITIF MASIF,795.0,701.6071428571429,825.1785714285714,865.3571428571429,False,TP1,WIN
2026-10-05,NEST.JK,🌟 KATALIS POSITIF MASIF,795.0,701.6071428571429,825.1785714285714,865.3571428571429,False,TP1,WIN
2026-10-05,NEST.JK,🌟 KATALIS POSITIF MASIF,795.0,701.6071428571429,825.1785714285714,865.3571428571429,False,TP1,WIN
2026-10-05,NEST.JK,🌟 KATALIS POSITIF MASIF,795.0,701.6071428571429,825.1785714285714,865.3571428571429,False,TP1,WIN
2026-10-06,NEST.JK,🌟 KATALIS POSITIF MASIF,845.0,701.6071428571429,825.1785714285714,865.3571428571429,False,TP1,WIN
2026-10-06,NEST.JK,🌟 KATALIS POSITIF MASIF,845.0,701.6071428571429,825.1785714285714,865.3571428571429,False,TP1,WIN
2026-10-06,NEST.JK,🌟 KATALIS POSITIF MASIF,845.0,701.6071428571429,825.1785714285714,865.3571428571429,False,TP1,WIN
2026-10-06,NEST.JK,🌟 KATALIS POSITIF MASIF,845.0,701.6071428571429,825.1785714285714,865.3571428571429,False,TP1,WIN
2026-09-09,POWR.JK,✨ KATALIS POSITIF SIGNIFIKAN,955.0,860.7142857142857,1022.8571428571428,1095.7142857142858,True,TP1,EXPIRED
2026-09-09,POWR.JK,🚀 BREAKOUT,990.0,890.3571428571429,1063.928571428571,1137.857142857143,True,,EXPIRED
2026-09-09,POWR.JK,🌟 KATALIS POSITIF MASIF,1005.0,890.3571428571429,1063.928571428571,1137.857142857143,True,,EXPIRED
2026-09-09,POWR.JK,🌟 KATALIS POSITIF MASIF,1005.0,890.3571428571429,1063.928571428571,1137.857142857143,True,,EXPIRED
