Tanggal,Kode,Strategi,Entry,SL,TP1,TP2,Pernah_Warning,Status_TP
2026-09-01,BFIN.JK,🚀 BREAKOUT,980.0,881.7857142857143,1034.642857142857,1089.2857142857142,True,TP1
2026-09-01,SMGR.JK,🚀 BREAKOUT,1730.0,1442.678571428571,1841.9642857142856,1953.928571428572,True,
2026-09-01,CUAN.JK,🚀 BREAKOUT,905.0,774.4642857142857,996.6071428571428,1088.2142857142858,True,TP1
2026-09-02,BWPT.JK,🚀 BREAKOUT,124.0,100.64285714285714,137.07142857142856,150.14285714285714,True,TP1
2026-09-02,BWPT.JK,🚀 BREAKOUT,128.0,100.64285714285714,141.07142857142856,154.14285714285714,True,TP1
2026-09-02,BWPT.JK,🚀 BREAKOUT,136.0,100.14285714285714,150.57142857142856,165.14285714285714,True,
2026-09-02,BWPT.JK,🌟 KATALIS POSITIF MASIF,132.0,100.14285714285714,150.57142857142856,165.14285714285714,True,
2026-09-03,SMGR.JK,🌟 KATALIS POSITIF MASIF,1820.0,1442.678571428571,1841.9642857142856,1953.928571428572,True,
2026-09-03,SMGR.JK,🌟 KATALIS POSITIF MASIF,1820.0,1442.678571428571,1841.9642857142856,1953.928571428572,True,
2026-09-03,ERAA.JK,🚀 BREAKOUT,595.0,487.57142857142856,632.2857142857143,669.5714285714286,True,TP1
2026-09-03,GRPH.JK,🚀 BREAKOUT,119.0,85.25,139.25,159.5,True,TP1
2026-09-04,CUAN.JK,✨ KATALIS POSITIF SIGNIFIKAN,940.0,774.4642857142857,996.6071428571428,1088.2142857142858,True,TP1
2026-09-07,PTBA.JK,🚀 BREAKOUT,3010.0,2808.5714285714284,3164.285714285714,3318.5714285714284,True,TP1
2026-09-07,DMAS.JK,✨ KATALIS POSITIF SIGNIFIKAN,202.0,174.78571428571428,223.6428571428572,239.28571428571428,False,
2026-09-07,PTBA.JK,🚀 BREAKOUT,3040.0,2808.214285714286,3195.3571428571427,3350.714285714286,True,TP1
2026-09-07,DMAS.JK,✨ KATALIS POSITIF SIGNIFIKAN,202.0,174.78571428571428,223.6428571428572,239.28571428571428,False,
2026-09-07,PTBA.JK,🚀 BREAKOUT,3010.0,2808.214285714286,3165.3571428571427,3320.714285714286,True,TP1
2026-09-08,BWPT.JK,🌟 KATALIS POSITIF MASIF,135.0,100.14285714285714,150.57142857142856,165.14285714285714,True,
2026-09-09,POWR.JK,✨ KATALIS POSITIF SIGNIFIKAN,955.0,860.7142857142857,1022.8571428571428,1095.7142857142858,True,TP1
2026-09-09,POWR.JK,🚀 BREAKOUT,990.0,890.3571428571429,1063.928571428571,1137.857142857143,True,
2026-09-09,POWR.JK,🌟 KATALIS POSITIF MASIF,1005.0,890.3571428571429,1063.928571428571,1137.857142857143,True,
2026-09-09,PTBA.JK,🚀 BREAKOUT,3080.0,2914.285714285714,3247.1428571428573,3414.285714285714,False,
2026-09-09,PTBA.JK,🚀 BREAKOUT,3100.0,2914.285714285714,3267.1428571428573,3434.285714285714,False,
2026-09-09,POWR.JK,🌟 KATALIS POSITIF MASIF,1005.0,890.3571428571429,1063.928571428571,1137.857142857143,True,
2026-09-09,AMMN.JK,🚀 BREAKOUT,4910.0,4349.285714285715,5152.142857142857,5394.285714285714,True,TP1
2026-09-10,SGER.JK,🚀 BREAKOUT,720.0,611.3571428571429,790.9285714285714,861.8571428571429,False,
2026-09-10,CUAN.JK,✨ KATALIS POSITIF SIGNIFIKAN,985.0,774.4642857142857,996.6071428571428,1088.2142857142858,True,TP1
2026-09-10,PTBA.JK,✨ KATALIS POSITIF SIGNIFIKAN,3100.0,2914.285714285714,3267.1428571428573,3434.285714285714,False,
2026-09-10,SGER.JK,🚀 BREAKOUT,720.0,611.3571428571429,790.9285714285714,861.8571428571429,False,
2026-09-10,CUAN.JK,✨ KATALIS POSITIF SIGNIFIKAN,985.0,774.4642857142857,996.6071428571428,1088.2142857142858,True,TP1
2026-09-10,PTBA.JK,✨ KATALIS POSITIF SIGNIFIKAN,3100.0,2914.285714285714,3267.1428571428573,3434.285714285714,False,
2026-09-10,SGER.JK,🚀 BREAKOUT,720.0,611.3571428571429,790.9285714285714,861.8571428571429,False,
2026-09-10,CUAN.JK,✨ KATALIS POSITIF SIGNIFIKAN,985.0,774.4642857142857,996.6071428571428,1088.2142857142858,True,TP1
2026-09-10,PTBA.JK,✨ KATALIS POSITIF SIGNIFIKAN,3100.0,2914.285714285714,3267.1428571428573,3434.285714285714,False,
2026-09-14,LAPD.JK,🚀 BREAKOUT,93.0,61.96428571428572,102.10714285714286,111.21428571428572,True,TP1
2026-09-14,LAPD.JK,🚀 BREAKOUT,93.0,61.96428571428572,102.10714285714286,111.21428571428572,True,TP1
2026-09-14,LAPD.JK,🚀 BREAKOUT,93.0,61.96428571428572,102.10714285714286,111.21428571428572,True,TP1
2026-09-14,LAPD.JK,🚀 BREAKOUT,93.0,61.96428571428572,102.10714285714286,111.21428571428572,True,TP1
2026-09-15,TOTL.JK,🌟 KATALIS POSITIF MASIF,1575.0,1330.357142857143,1618.9285714285716,1722.857142857143,False,TP1
2026-09-15,KOTA.JK,🌟 KATALIS POSITIF MASIF,208.0,148.5,244.5,273.0,True,
2026-09-15,TOTL.JK,🌟 KATALIS POSITIF MASIF,1555.0,1330.357142857143,1618.9285714285716,1722.857142857143,False,TP1
2026-09-15,TOTL.JK,🌟 KATALIS POSITIF MASIF,1555.0,1330.357142857143,1618.9285714285716,1722.857142857143,False,TP1
2026-09-15,TOTL.JK,🌟 KATALIS POSITIF MASIF,1555.0,1330.357142857143,1618.9285714285716,1722.857142857143,False,TP1
2026-09-17,ERAA.JK,✨ KATALIS POSITIF SIGNIFIKAN,630.0,487.57142857142856,632.2857142857143,669.5714285714286,False,TP1
2026-09-17,LAPD.JK,🌟 KATALIS POSITIF MASIF,87.0,61.96428571428572,102.10714285714286,111.21428571428572,True,
2026-09-17,SMGR.JK,🌟 KATALIS POSITIF MASIF,1620.0,1442.678571428571,1841.9642857142856,1953.928571428572,True,
2026-09-17,ERAA.JK,✨ KATALIS POSITIF SIGNIFIKAN,620.0,487.57142857142856,632.2857142857143,669.5714285714286,False,TP1
2026-09-17,TMPO.JK,📉 BUY ON WEAKNESS,154.0,145.03571428571428,165.81144205069302,252.0,True,TP1
2026-09-17,LAPD.JK,🌟 KATALIS POSITIF MASIF,86.0,61.96428571428572,102.10714285714286,111.21428571428572,True,
2026-09-17,BUKA.JK,👀 BULLISH DIVERGENCE,105.0,99.75,109.51264788685252,118.0,False,TP1
2026-09-17,SMGR.JK,🌟 KATALIS POSITIF MASIF,1620.0,1442.678571428571,1841.9642857142856,1953.928571428572,True,
2026-09-17,ERAA.JK,✨ KATALIS POSITIF SIGNIFIKAN,620.0,487.57142857142856,632.2857142857143,669.5714285714286,False,TP1
2026-09-17,LAPD.JK,🌟 KATALIS POSITIF MASIF,86.0,61.96428571428572,102.10714285714286,111.21428571428572,True,
2026-09-17,SMGR.JK,🌟 KATALIS POSITIF MASIF,1620.0,1442.678571428571,1841.9642857142856,1953.928571428572,True,
2026-09-17,ERAA.JK,✨ KATALIS POSITIF SIGNIFIKAN,620.0,487.57142857142856,632.2857142857143,669.5714285714286,False,TP1
2026-09-17,LAPD.JK,🌟 KATALIS POSITIF MASIF,86.0,61.96428571428572,102.10714285714286,111.21428571428572,True,
2026-09-21,BAJA.JK,🚀 BREAKOUT,436.0,259.92857142857144,484.2142857142857,532.4285714285714,True,TP1
2026-09-21,CSMI.JK,🚀 BREAKOUT,234.0,166.57142857142858,256.2857142857143,278.57142857142856,True,TP1
2026-09-21,NEST.JK,🚀 BREAKOUT,785.0,701.6071428571429,825.1785714285714,865.3571428571429,False,
2026-09-21,TOTL.JK,✨ KATALIS POSITIF SIGNIFIKAN,1600.0,1330.357142857143,1618.9285714285716,1722.857142857143,False,TP1
2026-09-21,BAJA.JK,🚀 BREAKOUT,436.0,259.92857142857144,484.2142857142857,532.4285714285714,True,TP1
2026-09-21,CSMI.JK,🚀 BREAKOUT,234.0,166.57142857142858,256.2857142857143,278.57142857142856,True,TP1
2026-09-21,NEST.JK,🚀 BREAKOUT,785.0,701.6071428571429,825.1785714285714,865.3571428571429,False,
2026-09-21,TOTL.JK,✨ KATALIS POSITIF SIGNIFIKAN,1600.0,1330.357142857143,1618.9285714285716,1722.857142857143,False,TP1
2026-09-21,BAJA.JK,🚀 BREAKOUT,436.0,259.92857142857144,484.2142857142857,532.4285714285714,True,TP1
2026-09-21,CSMI.JK,🚀 BREAKOUT,234.0,166.57142857142858,256.2857142857143,278.57142857142856,True,TP1
2026-09-21,NEST.JK,🚀 BREAKOUT,785.0,701.6071428571429,825.1785714285714,865.3571428571429,False,
2026-09-21,TOTL.JK,✨ KATALIS POSITIF SIGNIFIKAN,1600.0,1330.357142857143,1618.9285714285716,1722.857142857143,False,TP1
2026-09-21,BAJA.JK,🚀 BREAKOUT,436.0,259.92857142857144,484.2142857142857,532.4285714285714,True,TP1
2026-09-21,CSMI.JK,🚀 BREAKOUT,234.0,166.57142857142858,256.2857142857143,278.57142857142856,True,TP1
2026-09-21,NEST.JK,🚀 BREAKOUT,785.0,701.6071428571429,825.1785714285714,865.3571428571429,False,
2026-09-22,TMPO.JK,🌟 KATALIS POSITIF MASIF,156.0,145.03571428571428,165.81144205069302,252.0,True,TP1
2026-09-22,HRTA.JK,📉 BUY ON WEAKNESS,2170.0,2051.785714285714,2183.1060479374128,2470.0,True,TP1
2026-09-22,BSSR.JK,🚀 BREAKOUT,5475.0,4842.857142857143,5676.428571428572,5877.857142857143,False,
2026-09-22,TMPO.JK,🌟 KATALIS POSITIF MASIF,156.0,145.03571428571428,165.81144205069302,252.0,True,TP1
2026-09-22,TMPO.JK,🌟 KATALIS POSITIF MASIF,156.0,145.03571428571428,165.81144205069302,252.0,True,TP1
2026-09-22,HRTA.JK,📉 BUY ON WEAKNESS,2170.0,2051.785714285714,2183.1060479374128,2470.0,True,TP1
2026-09-22,BSSR.JK,🚀 BREAKOUT,5475.0,4842.857142857143,5676.428571428572,5877.857142857143,False,
2026-09-22,TMPO.JK,🌟 KATALIS POSITIF MASIF,156.0,145.03571428571428,165.81144205069302,252.0,True,TP1
2026-09-22,HRTA.JK,📉 BUY ON WEAKNESS,2170.0,2051.785714285714,2183.1060479374128,2470.0,True,TP1
2026-09-22,BSSR.JK,🚀 BREAKOUT,5475.0,4842.857142857143,5676.428571428572,5877.857142857143,False,
2026-09-23,BWPT.JK,🌟 KATALIS POSITIF MASIF,118.0,100.14285714285714,150.57142857142856,165.14285714285714,True,
2026-09-23,LAPD.JK,🌟 KATALIS POSITIF MASIF,84.0,61.96428571428572,102.10714285714286,111.21428571428572,True,
2026-09-23,HRTA.JK,✨ KATALIS POSITIF SIGNIFIKAN,2290.0,2051.785714285714,2183.1060479374128,2470.0,True,TP1
2026-09-23,BSSR.JK,✨ KATALIS POSITIF SIGNIFIKAN,5500.0,4842.857142857143,5676.428571428572,5877.857142857143,False,
2026-09-23,UNVR.JK,👀 BULLISH DIVERGENCE,1630.0,1598.75,1665.9180500381997,1785.0,False,
2026-09-23,SMLE.JK,🚀 BREAKOUT,266.0,209.07142857142856,292.7857142857143,319.57142857142856,True,TP1
2026-09-23,SMGR.JK,🌟 KATALIS POSITIF MASIF,1615.0,1442.678571428571,1841.9642857142856,1953.928571428572,True,
2026-09-23,BWPT.JK,🌟 KATALIS POSITIF MASIF,117.0,100.14285714285714,150.57142857142856,165.14285714285714,True,
2026-09-23,HRTA.JK,🌟 KATALIS POSITIF MASIF,2300.0,2051.785714285714,2183.1060479374128,2470.0,True,TP1
2026-09-23,LAPD.JK,🌟 KATALIS POSITIF MASIF,85.0,61.96428571428572,102.10714285714286,111.21428571428572,True,
2026-09-23,SMGR.JK,🌟 KATALIS POSITIF MASIF,1615.0,1442.678571428571,1841.9642857142856,1953.928571428572,True,
2026-09-23,BWPT.JK,🌟 KATALIS POSITIF MASIF,117.0,100.14285714285714,150.57142857142856,165.14285714285714,True,
2026-09-23,LAPD.JK,🌟 KATALIS POSITIF MASIF,85.0,61.96428571428572,102.10714285714286,111.21428571428572,True,
2026-09-23,HRTA.JK,🌟 KATALIS POSITIF MASIF,2300.0,2051.785714285714,2183.1060479374128,2470.0,True,TP1
2026-09-23,BSSR.JK,✨ KATALIS POSITIF SIGNIFIKAN,5500.0,4842.857142857143,5676.428571428572,5877.857142857143,False,
2026-09-23,SMLE.JK,🚀 BREAKOUT,266.0,209.07142857142856,292.7857142857143,319.57142857142856,True,TP1
2026-09-23,SMGR.JK,🌟 KATALIS POSITIF MASIF,1615.0,1442.678571428571,1841.9642857142856,1953.928571428572,True,
2026-09-23,BWPT.JK,🌟 KATALIS POSITIF MASIF,117.0,100.14285714285714,150.57142857142856,165.14285714285714,True,
2026-09-23,LAPD.JK,🌟 KATALIS POSITIF MASIF,85.0,61.96428571428572,102.10714285714286,111.21428571428572,True,
2026-09-23,HRTA.JK,🌟 KATALIS POSITIF MASIF,2300.0,2051.785714285714,2183.1060479374128,2470.0,True,TP1
2026-09-23,BSSR.JK,✨ KATALIS POSITIF SIGNIFIKAN,5500.0,4842.857142857143,5676.428571428572,5877.857142857143,False,
2026-09-23,SMLE.JK,🚀 BREAKOUT,266.0,209.07142857142856,292.7857142857143,319.57142857142856,True,TP1
2026-09-28,RSCH.JK,🚀 BREAKOUT,494.0,430.1071428571428,523.6785714285714,553.3571428571429,False,TP1
2026-09-28,RSCH.JK,🚀 BREAKOUT,494.0,430.1071428571428,523.6785714285714,553.3571428571429,False,TP1
2026-09-28,RSCH.JK,🚀 BREAKOUT,494.0,430.1071428571428,523.6785714285714,553.3571428571429,False,TP1
2026-09-29,DYAN.JK,👀 BULLISH DIVERGENCE,81.0,68.82142857142857,85.74011053509346,116.0,False,TP1
2026-09-29,BSSR.JK,🌟 KATALIS POSITIF MASIF,5425.0,4842.857142857143,5676.428571428572,5877.857142857143,False,
2026-09-29,BAIK.JK,👀 BULLISH DIVERGENCE,244.0,201.07142857142856,272.5388648190777,308.0,False,
2026-09-29,PSAB.JK,👀 BULLISH DIVERGENCE,535.0,487.1334586444272,540.319530823241,575.0,False,TP1
2026-09-29,CSMI.JK,🌟 KATALIS POSITIF MASIF,240.0,166.57142857142858,256.2857142857143,278.57142857142856,False,TP1
2026-09-29,KOTA.JK,📉 BUY ON WEAKNESS,172.0,150.67857142857142,184.3493350396812,240.0,True,
2026-09-29,CYBR.JK,👀 BULLISH DIVERGENCE,500.0,479.1071428571428,521.8331027681271,550.0,False,
2026-09-29,BIPP.JK,👀 BULLISH DIVERGENCE,56.0,50.35714285714285,67.71163259277817,107.0,True,TP1
2026-09-29,HRTA.JK,🌟 KATALIS POSITIF MASIF,2180.0,2051.785714285714,2183.1060479374128,2470.0,False,TP1
2026-09-29,CSMI.JK,🌟 KATALIS POSITIF MASIF,240.0,166.57142857142858,256.2857142857143,278.57142857142856,False,TP1
2026-09-29,HRTA.JK,🌟 KATALIS POSITIF MASIF,2180.0,2051.785714285714,2183.1060479374128,2470.0,False,TP1
2026-09-29,BSSR.JK,🌟 KATALIS POSITIF MASIF,5425.0,4842.857142857143,5676.428571428572,5877.857142857143,False,
2026-09-29,DYAN.JK,👀 BULLISH DIVERGENCE,81.0,68.82142857142857,85.74011053509346,116.0,False,TP1
2026-09-29,CSMI.JK,🌟 KATALIS POSITIF MASIF,240.0,166.57142857142858,256.2857142857143,278.57142857142856,False,TP1
2026-09-29,HRTA.JK,🌟 KATALIS POSITIF MASIF,2180.0,2051.785714285714,2183.1060479374128,2470.0,False,TP1
2026-09-29,BSSR.JK,🌟 KATALIS POSITIF MASIF,5425.0,4842.857142857143,5676.428571428572,5877.857142857143,False,
2026-09-29,DYAN.JK,👀 BULLISH DIVERGENCE,81.0,68.82142857142857,85.74011053509346,116.0,False,TP1
2026-09-29,BIPP.JK,👀 BULLISH DIVERGENCE,56.0,50.35714285714285,67.71163259277817,107.0,True,TP1
2026-09-29,CSMI.JK,🌟 KATALIS POSITIF MASIF,240.0,166.57142857142858,256.2857142857143,278.57142857142856,False,TP1
2026-09-29,HRTA.JK,🌟 KATALIS POSITIF MASIF,2180.0,2051.785714285714,2183.1060479374128,2470.0,False,TP1
2026-09-29,BSSR.JK,🌟 KATALIS POSITIF MASIF,5425.0,4842.857142857143,5676.428571428572,5877.857142857143,False,
2026-09-29,DYAN.JK,👀 BULLISH DIVERGENCE,81.0,68.82142857142857,85.74011053509346,116.0,False,TP1
2026-09-30,SMLE.JK,🌟 KATALIS POSITIF MASIF,296.0,209.07142857142856,292.7857142857143,319.57142857142856,False,
2026-09-30,TMPO.JK,✨ KATALIS POSITIF SIGNIFIKAN,181.0,145.03571428571428,165.81144205069302,252.0,False,
2026-09-30,BSSR.JK,✨ KATALIS POSITIF SIGNIFIKAN,5050.0,4842.857142857143,5676.428571428572,5877.857142857143,False,
2026-09-30,BIPP.JK,🌟 KATALIS POSITIF MASIF,66.0,50.35714285714285,67.71163259277817,107.0,False,
2026-09-30,EMAS.JK,📉 BUY ON WEAKNESS,7725.0,7377.678571428572,7819.109240915582,9000.0,False,
2026-09-30,SSIA.JK,📉 BUY ON WEAKNESS,1680.0,1608.75,1714.2609370154216,1940.0,False,
2026-09-30,UNTR.JK,🚀 BREAKOUT,27075.0,23944.64285714286,28141.071428571428,29207.14285714285,False,
2026-09-30,TEBE.JK,🚀 BREAKOUT,2690.0,2018.9285714285716,3053.214285714286,3416.428571428572,False,
